신라면 멀티5개입 X 8개 총40개,31900
농심 신라면컵 30개,21900
농심 신라면 120G x 20입,16900
신라면 큰사발 한박스 (16개입),16900
신라면+튀김우동+새우탕+오짬뽕 6입4개(총24개),19900
신라면 120g 5개입 멀티팩,3790
신라면건면 5개입X 8개(총40개)  BOX,29900
신라면+튀김우동+새우탕+짜범벅 6입4개(총24개),19900
농심 신라면컵 30개,21900
신라면+튀김우동+새우탕+짜범벅 6입4개(총24개),19900
신라면건면 5개입X 8개(총40개)  BOX,29900
농심 신라면 120G x 20입,16900
신라면 컵라면 6개입X4박스 (총24개),19900
신라면+튀김우동+새우탕+오짬뽕 6입4개(총24개),19900
신라면 큰사발 한박스 (16개입),16900
신라면 120g 5개입 멀티팩,3790
신라면블랙사발 두부김치 94g X 16 (박스),22400
신라면+안성탕면+너구리+짜파게티 20봉,18900
신라면건면 97g 5개입4팩(총20개),17900
신라면블랙 컵라면 6개입X4박스 (총24개),34000
신라면블랙 4입 3봉 총12개,16900
신라면건면사발 77g 16입 박스,17900
신라면컵 65g 6개입,4900
신라면블랙 4입 5봉 총20봉,27900
신라면블랙사발 101g 6개입,8600
신라면블랙 두부김치 4개입 3개(총12개),17900
신라면 건면 멀티2팩 (총10봉),6900
신라면+안성탕면+너구리 (총15봉),9900
신라면건면 97g 5개입 멀티팩,3990
신라면큰사발 114g,1190
신라면블랙 두부김치  4개입 멀티X 8팩 (총32개),43850
신짜볶18봉(신라면볶음면8봉+짜파게티10봉),17900
신라면블랙사발 두부김치 94g,1190
신라면블랙 134g 4개입 멀티팩,5900
신라면 볶음면 131g 4입,3980
신라면블랙 두부김치 127g 4개입  멀티팩,5690
신라면 볶음면 131g 4입  X 8팩(32개),30900
신라면 큰사발 한박스 (16개입),18900
신라면볶음면 큰사발 103g  X 16입 박스,20900
신라면+너구리+짜파게티 15봉,9900
신라면볶음면 131g X 4개입 4개 (총16개),16900
신라면 컵라면 6개입X4박스 (총24개),23900
신라면볶음면 131g X 4개입 멀티 2개,7900
신라면 멀티5개입 X 8개 총40개,31900
신라면+안성탕면+너구리+짜파게티 20봉,17900
신라면 볶음면 131g 4입  X 5개(20개),18900
농심 쿡탐 신라면맛 볶음밥 230g x 10봉,24500
무배 미고랭 라면 400g/삼양라면/신라면/불닭볶음면,5190
(무배/15봉) 인도미 핫앤스파이시 라면 /야식/신라면,10790
수입라면 인도 미고랭 400g/코스트코/새우탕/신라면,3200
에브리데이 농심 신라면큰사발114g  x 16개,22560
미고랭 컵라면 70g /비빔면/쌀/국수/짜파게티/신라면,1280
수입라면 미고랭 컵라면 70g/어포스/프레첼/신라면,1390
(한봉지) 미고랭 핫앤스파이시 라면 400g/야식/신라면,5690
미고랭 컵라면 70g /진라면/신라면/스낵면/인도라면,1300
수입라면 400g(5개입)/신라면,2540
에브리데이 (B) 신라면120g20입(선물용박스)  x 1개,18810
에브리데이 농심 신라면120g5입  x 8개,34240
에브리데이 농심 신라면컵65g  x 6개,8760
제주삼다수 2L 24병 /생수전문배송,24800
제주삼다수 그린 500ml 40병 /생수전문배송,17900
제주삼다수 2L 12병 /생수전문배송,12400
제주삼다수 그린 2L 24병 /생수전문배송,24800
제주삼다수 그린 500ml 80병 /생수전문배송,35800
제주삼다수 그린 2L 6병 /생수전문배송,6200
제주삼다수 그린 2L 12병 /생수전문배송,12400
제주삼다수 2L 36병 /생수전문배송,37200
제주삼다수 그린 500ml 60병 /생수전문배송,26850
제주삼다수 2L 6병 /생수전문배송,6200
제주삼다수 그린 500ml 20병 /생수전문배송,8950
제주삼다수 2L 18병 /생수전문배송,18600
제주삼다수 그린 2L 18병 /생수전문배송,18600
제주삼다수 그린 2L 48병 /생수전문배송,49600
제주삼다수 그린 2L 36병 /생수전문배송,37200
제주삼다수 2L 48병 /생수전문배송,49600
에브리데이 삼다수 500ml  x 20개,13900
에브리데이 삼다수 2L  x 6개,13500
제주삼다수 2L x 6개 안전한 생수 2L/물 2L/가정/배달,9720
제주삼다수 2L x 6개 안전한 생수 2L/물 2L/가정/배달,12140
광동제약 제주삼다수 탐라는 제주감귤 1.5LX3,6280
제주삼다수 2L x 6개 안전한 생수 2L/물 2L/가정/배달,12140
광동제약 제주삼다수 탐라는 제주감귤 1.5LX3 시원하게,6300
제주삼다수 2L x 6개 안전한 생수 2L/물 2L/가정/배달,9720
제주삼다수 2L x 6개 안전한 생수 2L/물 2L/가정/배달,9720
제주삼다수 2L x 6개 안전한 생수 2L/물 2L/가정/배달,9720
제주삼다수 2L x 6개 안전한 생수 2L/물 2L/가정/배달,9720
제주삼다수 2L x 6개 안전한 생수 2L/물 2L/가정/배달,12140
제주삼다수 2L x 6개 안전한 생수 2L/물 2L/가정/배달,12140
제주삼다수 2L x 6개 안전한 생수 2L/물 2L/가정/배달,12140
